{"cameraMode":{"drawMode":0,"name":"Shaded","section":"Shading Mode"},"sceneLighting":false,"audioPlay":false,"sceneViewState":{"m_AlwaysRefresh":false,"showFog":true,"showSkybox":false,"showFlares":true,"showImageEffects":true,"showParticleSystems":true,"showVisualEffectGraphs":true,"m_FxEnabled":true},"in2DMode":false,"pivot":{"x":-2.6600000858306886,"y":0.6470000743865967,"z":-17.059999465942384},"rotation":{"x":0.33886560797691347,"y":0.15950989723205567,"z":-0.05839741975069046,"w":0.9254438877105713},"size":3.866024971008301,"orthographic":false}