{"cameraMode":{"drawMode":0,"name":"Shaded","section":"Shading Mode"},"sceneLighting":false,"audioPlay":false,"sceneViewState":{"m_AlwaysRefresh":false,"showFog":true,"showSkybox":false,"showFlares":true,"showImageEffects":true,"showParticleSystems":true,"showVisualEffectGraphs":true,"m_FxEnabled":true},"in2DMode":false,"pivot":{"x":0.012198925018310547,"y":-1.1395139694213868,"z":5.643811225891113},"rotation":{"x":0.4877614974975586,"y":-0.14531272649765016,"z":0.08274486660957337,"w":0.8568623065948486},"size":4.433544635772705,"orthographic":false}