{"cameraMode":{"drawMode":0,"name":"Shaded","section":"Shading Mode"},"sceneLighting":false,"audioPlay":false,"sceneViewState":{"m_AlwaysRefresh":false,"showFog":true,"showSkybox":false,"showFlares":true,"showImageEffects":true,"showParticleSystems":true,"showVisualEffectGraphs":true,"m_FxEnabled":true},"in2DMode":false,"pivot":{"x":-0.3385425806045532,"y":3.0036072731018068,"z":-16.66510581970215},"rotation":{"x":0.2853262722492218,"y":0.032755255699157718,"z":-0.009748552925884724,"w":0.957887589931488},"size":1.4660284519195557,"orthographic":false}